{"train_steps_per_second":2.432,"_timestamp":1.7603341414236813e+09,"total_flos":6.3524352e+12,"_step":27,"train/global_step":1250,"eval/runtime":5.6577,"train/learning_rate":1.6e-08,"eval/loss":0.5920835137367249,"train_samples_per_second":19.459,"eval/samples_per_second":176.75,"train_runtime":513.9003,"eval/accuracy":0.69,"train/epoch":2,"train/grad_norm":6.706315994262695,"eval/steps_per_second":22.094,"_runtime":544,"_wandb":{"runtime":544},"eval/f1":0.6848649530803754,"train/loss":0.5938,"train_loss":0.6227977279663086}